<keymap version="1" name="Default 复制 1" parent="$default">
  <action id="$Paste">
    <keyboard-shortcut first-keystroke="ctrl v" />
    <keyboard-shortcut first-keystroke="shift insert" />
    <mouse-shortcut keystroke="shift button1" />
  </action>
  <action id="ChangesView.Diff" />
  <action id="CompareTwoFiles" />
  <action id="Diff.ShowDiff" />
  <action id="EditorDuplicate" />
  <action id="EditorSelectWord" />
  <action id="FileChooser.GotoDesktop" />
  <action id="GotoSuperMethod" />
  <action id="RunDashboard.CopyConfiguration" />
  <action id="SendEOF" />
  <action id="SplitVertically">
    <keyboard-shortcut first-keystroke="alt back_slash" />
  </action>
  <action id="XDebugger.CopyWatch" />
  <action id="openAssertEqualsDiff" />
  <action id="编辑 Paste">
    <keyboard-shortcut first-keystroke="ctrl v" />
    <mouse-shortcut keystroke="shift button1" />
  </action>
</keymap>