<keymap version="1" name="Default 复制" parent="$default">
  <action id="ActivateFavoritesToolWindow" />
  <action id="ActivateStructureToolWindow">
    <keyboard-shortcut first-keystroke="alt 2" />
  </action>
  <action id="ActivateTODOToolWindow" />
  <action id="ActivateTerminalToolWindow">
    <keyboard-shortcut first-keystroke="alt back_slash" />
  </action>
  <action id="ActivateVersionControlToolWindow">
    <keyboard-shortcut first-keystroke="alt 3" />
  </action>
  <action id="ActivatenpmToolWindow">
    <keyboard-shortcut first-keystroke="alt 4" />
  </action>
  <action id="ChangesView.GroupBy.Directory" />
  <action id="CollapseTreeNode" />
  <action id="CompareTwoFiles" />
  <action id="EditorAddRectangularSelectionOnMouseDrag">
    <mouse-shortcut keystroke="shift alt button1" />
  </action>
  <action id="EditorDecreaseFontSize">
    <keyboard-shortcut first-keystroke="alt minus" />
  </action>
  <action id="EditorDeleteLine" />
  <action id="EditorDuplicate" />
  <action id="EditorIncreaseFontSize">
    <keyboard-shortcut first-keystroke="alt equals" />
  </action>
  <action id="FileChooser.TogglePathShowing" />
  <action id="GotoAction">
    <keyboard-shortcut first-keystroke="ctrl alt p" />
  </action>
  <action id="GotoSuperMethod" />
  <action id="IntroduceParameter" />
  <action id="ParameterInfo" />
  <action id="RecentFiles">
    <keyboard-shortcut first-keystroke="ctrl p" />
  </action>
  <action id="SendEOF" />
  <action id="TodoViewGroupByFlattenPackage" />
  <action id="TodoViewGroupByShowModules" />
  <action id="TodoViewGroupByShowPackages" />
  <action id="编辑 SelectAll">
    <keyboard-shortcut first-keystroke="ctrl a" />
  </action>
</keymap>