<application>
  <component name="MaterialThemeConfig">
    <option name="isHighContrast" value="true" />
    <option name="isWizardShown" value="true" />
    <option name="overrideAccentColor" value="true" />
    <option name="pristineConfig" value="false" />
    <option name="tabOpacity" value="25" />
    <option name="accentColor" value="ff9800" />
    <option name="selectedTheme" value="DARKER" />
    <option name="userId" value="-1ad09056:168542b1c5f:-8000" />
    <option name="version" value="3.4.0" />
  </component>
</application>