<application>
  <component name="NodeJsLocalInterpreters">
    <local-interpreter path="C:/Program Files/nodejs/node.exe">
      <version-cache version="10.14.2" last-modified="1544449720000" />
    </local-interpreter>
  </component>
  <component name="NotRoamableUiSettings">
    <option name="ideAAType" value="Greyscale" />
  </component>
  <component name="PropertiesComponent">
    <property name="ColorChooser.RecentColors" value="174-70-30-255,,,7-255-204-255" />
    <property name="CommitChangeListDialog.DETAILS_SPLITTER_PROPORTION_2" value="0.6376639" />
    <property name="Copy.OpenInEditor" value="true" />
    <property name="Darcula.SavedEditorTheme" value="_@user_Dracula" />
    <property name="Default.SavedEditorTheme" value="_@user_Default" />
    <property name="ExpandBeforeRunStepsPanel" value="true" />
    <property name="ExpandRunDashboardTypesPanel" value="false" />
    <property name="FileTemplates.SelectedTemplate" value="XSLT Stylesheet" />
    <property name="InstalledPluginsSearchHistory" value="snaps&#10;vue" />
    <property name="KEYMAP" value="Shift&#10;快速查找&#10;double shift&#10;粘贴&#10;paset" />
    <property name="PluginConfigurable.selectionTab" value="1" />
    <property name="SettingsSearchHistory" value="live temp&#10;live&#10;code style&#10;snaps&#10;snip" />
    <property name="TrendingPluginsSearchHistory" value="vue&#10;Material Theme UI&#10;vim" />
    <property name="WebStorm.enableDefaultTooltipFixes" value="true" />
    <property name="WebStorm.enableSmartQuotes" value="true" />
    <property name="WebStorm.initialConfigurationShown" value="true" />
    <property name="disable.forced.soft.wraps.notification" value="true" />
    <property name="file.chooser.recent.files" value="$USER_HOME$/Desktop/FE&#10;C:/Users/Administrator/Desktop/FE/vue/better-scroll-demo&#10;F:/liuzhe/background背景图/bg2.jpg&#10;F:/liuzhe/background背景图/bg3.jpg&#10;F:/liuzhe/background背景图/a6a78875f6cfdc3f044d7fac5cdcf2be.jpg&#10;F:/liuzhe/background背景图/5c82dde343d509d04ac6b6b17c9b6384.jpg&#10;F:/liuzhe/background背景图/2cfbefdf3f3f4410558a1c3df2b969da.jpg&#10;F:/liuzhe/background背景图/cmd.png&#10;F:/liuzhe/background背景图/p1.jpg&#10;F:/liuzhe/background背景图/p2.jpg&#10;C:/Program Files/Git/bin/bash.exe&#10;C:/Program Files/Git/bin/git.exe&#10;C:/Users/Administrator/Desktop/slide-lz&#10;C:/Users/Administrator/Desktop/webpack-demo&#10;F:/liuzhe/jrg/vue-animate-resume&#10;F:/liuzhe/test/bootstrap-demo&#10;F:/liuzhe/task-jade/aiminn.top&#10;F:/liuzhe/oy工作/OYCompany&#10;F:/liuzhe/vue/package-lock.json&#10;F:/liuzhe/vue&#10;F:/liuzhe/github/myRepository/gulp-fe&#10;F:/liuzhe/test/webstorm" />
    <property name="file.gist.reindex.count" value="27214" />
    <property name="fileTypeChangedCounter" value="11" />
    <property name="idea.background.editor" value="F:\liuzhe\background背景图\bg2.jpg,5,scale,center" />
    <property name="ideavim.statistics.timestamp" value="1552543702535" />
    <property name="mt.showStatisticsAgreement" value="true" />
    <property name="org.intellij.images.editor.actions.BackgroundImageDialog#recent" value="F:\liuzhe\background背景图\富江4.jpg&#10;F:\liuzhe\background背景图\bg2.jpg" />
    <property name="selected.color.option.type" value="JS.BADCHARACTER" />
    <property name="settings.code.style.selected.tab.CSS" value="Arrangement" />
    <property name="settings.code.style.selected.tab.JavaScript" value="代码生成" />
    <property name="ts.lib.d.ts.version" value="3.2.1" />
  </component>
</application>