<application>
  <component name="VimSettings">
    <state version="4" enabled="true" />
    <globalmarks />
    <filemarks>
      <file name="$USER_HOME$/Desktop/FE/mine轮子基础/date2.html" timestamp="1551316042535">
        <mark key="[" line="10" column="37" />
        <mark key="]" line="10" column="25" />
        <mark key="^" line="10" column="25" />
        <mark key="." line="10" column="25" />
      </file>
      <file name="$USER_HOME$/Desktop/FE/vue/vue-router/06-keep-alive.html" timestamp="1550805222061">
        <mark key="[" line="32" column="48" />
        <mark key="]" line="32" column="61" />
        <mark key="." line="32" column="48" />
        <mark key="^" line="32" column="20" />
      </file>
      <file name="$USER_HOME$/Desktop/FE/vue/better-scroll-demo/src/components/Demo2.vue" timestamp="1551855384948">
        <mark key="[" line="26" column="0" />
        <mark key="]" line="26" column="0" />
        <mark key="." line="26" column="0" />
        <mark key="^" line="18" column="5" />
      </file>
      <file name="$USER_HOME$/Desktop/FE/CSS/position帧动画/demo.html" timestamp="1551860410756">
        <mark key="[" line="8" column="23" />
        <mark key="]" line="9" column="23" />
        <mark key="." line="9" column="23" />
        <mark key="^" line="9" column="23" />
      </file>
      <file name="F:/liuzhe/oy工作/OYCompany/model.html" timestamp="1548378034479">
        <mark key="[" line="63" column="14" />
        <mark key="]" line="62" column="17" />
        <mark key="." line="62" column="17" />
        <mark key="^" line="58" column="4" />
      </file>
      <file name="$USER_HOME$/Desktop/FE/CSS/drawing-a-peppa/style.css" timestamp="1551779677090">
        <mark key="[" line="12" column="9" />
        <mark key="]" line="12" column="9" />
        <mark key="^" line="12" column="9" />
        <mark key="." line="12" column="9" />
      </file>
      <file name="$USER_HOME$/Desktop/FE/sass-learn/index.html" timestamp="1552379266711">
        <mark key="[" line="9" column="0" />
        <mark key="]" line="9" column="0" />
        <mark key="." line="9" column="0" />
      </file>
      <file name="$USER_HOME$/Desktop/FE/mine轮子基础/js/date2.js" timestamp="1551316016885">
        <mark key="[" line="0" column="0" />
        <mark key="]" line="84" column="1" />
        <mark key="^" line="0" column="0" />
        <mark key="." line="0" column="0" />
      </file>
      <file name="$USER_HOME$/Desktop/FE/vue/juejin小册子/01a-组件基础.html" timestamp="1550819703912">
        <mark key="[" line="20" column="0" />
        <mark key="]" line="31" column="6" />
        <mark key="^" line="22" column="19" />
        <mark key="." line="22" column="19" />
      </file>
      <file name="$USER_HOME$/Desktop/FE/sass-learn/scss/index.scss" timestamp="1552380029742">
        <mark key="[" line="111" column="0" />
        <mark key="]" line="108" column="69" />
        <mark key="." line="108" column="69" />
        <mark key="^" line="108" column="69" />
      </file>
      <file name="F:/liuzhe/oy工作/OYCompany/gulpfile.js" timestamp="1547718688332">
        <mark key="[" line="36" column="0" />
        <mark key="]" line="36" column="0" />
        <mark key="^" line="36" column="0" />
        <mark key="." line="36" column="0" />
      </file>
      <file name="$USER_HOME$/Desktop/FE/JavaScript/碰撞.html" timestamp="1550541883011">
        <mark key="[" line="4" column="19" />
        <mark key="]" line="62" column="18" />
        <mark key="." line="62" column="18" />
        <mark key="^" line="60" column="19" />
      </file>
      <file name="$USER_HOME$/Desktop/FE/CSS/drawing-a-peppa/main.js" timestamp="1551779780956">
        <mark key="[" line="7" column="2" />
        <mark key="]" line="7" column="2" />
        <mark key="." line="7" column="2" />
        <mark key="^" line="7" column="12" />
      </file>
      <file name="$APPLICATION_CONFIG_DIR$/scratches/scratch_1.html" timestamp="1548038044493">
        <mark key="[" line="7" column="25" />
        <mark key="]" line="8" column="30" />
        <mark key="^" line="8" column="30" />
        <mark key="." line="8" column="30" />
      </file>
      <file name="F:/liuzhe/github/myRepository/fanshu/src/pages/article/index.vue" timestamp="1551174687195">
        <mark key="[" line="5" column="101" />
        <mark key="]" line="5" column="104" />
        <mark key="^" line="5" column="104" />
        <mark key="." line="5" column="104" />
      </file>
      <file name="$USER_HOME$/Desktop/FE/CSS/transition&amp;transfrom/demo5-分页.html" timestamp="1552465630358">
        <mark key="[" line="82" column="46" />
        <mark key="]" line="82" column="48" />
        <mark key="." line="82" column="48" />
        <mark key="^" line="82" column="48" />
      </file>
      <file name="$USER_HOME$/Desktop/FE/interview/01demo-flex.html" timestamp="1552532791541">
        <mark key="[" line="67" column="9" />
        <mark key="]" line="63" column="0" />
        <mark key="." line="63" column="0" />
        <mark key="^" line="64" column="4" />
      </file>
      <file name="$USER_HOME$/Desktop/FE/JavaScript/OOP/demo2-原型模式-动态原型模式.html" timestamp="1551926757378">
        <mark key="[" line="18" column="36" />
        <mark key="]" line="25" column="0" />
        <mark key="." line="25" column="0" />
        <mark key="^" line="14" column="30" />
      </file>
      <file name="$USER_HOME$/Desktop/FE/sass-learn/sass-sandal/core/_media-queries.scss" timestamp="1552381140057">
        <mark key="[" line="30" column="27" />
        <mark key="]" line="30" column="27" />
        <mark key="^" line="30" column="27" />
        <mark key="." line="30" column="27" />
      </file>
      <file name="$USER_HOME$/Desktop/FE/vue/string练习/01-过渡mode.html" timestamp="1551142270163">
        <mark key="[" line="32" column="13" />
        <mark key="]" line="52" column="0" />
        <mark key="^" line="52" column="0" />
        <mark key="." line="52" column="0" />
      </file>
      <file name="$USER_HOME$/Desktop/FE/sass-learn/style.css" timestamp="1552356456519">
        <mark key="[" line="0" column="0" />
        <mark key="]" line="0" column="0" />
        <mark key="^" line="0" column="26" />
        <mark key="." line="0" column="0" />
      </file>
      <file name="F:/liuzhe/test/bootstrap-demo/index.html" timestamp="1548235318238">
        <mark key="[" line="102" column="34" />
        <mark key="]" line="101" column="43" />
        <mark key="." line="101" column="43" />
        <mark key="^" line="101" column="43" />
      </file>
      <file name="$USER_HOME$/Desktop/FE/server/index.html" timestamp="1552272701683">
        <mark key="[" line="7" column="17" />
        <mark key="]" line="36" column="8" />
        <mark key="." line="36" column="8" />
        <mark key="^" line="36" column="8" />
      </file>
      <file name="$USER_HOME$/Desktop/FE/CSS/test-import/out.css" timestamp="1552352610057">
        <mark key="[" line="0" column="0" />
        <mark key="]" line="6" column="1" />
        <mark key="." line="0" column="0" />
      </file>
      <file name="F:/liuzhe/github/myRepository/fanshu/src/pages/user/index.vue" timestamp="1548820603724">
        <mark key="[" line="150" column="3" />
        <mark key="]" line="12" column="27" />
        <mark key="." line="12" column="27" />
        <mark key="^" line="12" column="27" />
      </file>
      <file name="$USER_HOME$/Desktop/FE/JavaScript/OOP/demo2-原型模式.html" timestamp="1551925552069">
        <mark key="[" line="31" column="0" />
        <mark key="]" line="37" column="0" />
        <mark key="." line="37" column="0" />
        <mark key="^" line="37" column="0" />
      </file>
      <file name="$USER_HOME$/Desktop/FE/interview/01demo-position.html" timestamp="1552530734253">
        <mark key="[" line="46" column="13" />
        <mark key="]" line="46" column="11" />
        <mark key="." line="46" column="11" />
        <mark key="^" line="46" column="11" />
      </file>
      <file name="$USER_HOME$/Desktop/FE/ECharts-demo/index.html" timestamp="1550634534764">
        <mark key="[" line="40" column="23" />
        <mark key="]" line="42" column="30" />
        <mark key="^" line="37" column="27" />
        <mark key="." line="41" column="0" />
      </file>
      <file name="$USER_HOME$/Desktop/FE/server/index.js" timestamp="1552272298729">
        <mark key="[" line="35" column="11" />
        <mark key="]" line="36" column="26" />
        <mark key="^" line="36" column="26" />
        <mark key="." line="36" column="26" />
      </file>
      <file name="$USER_HOME$/Desktop/FE/vue/02-过渡move.html" timestamp="1550716328523">
        <mark key="[" line="16" column="38" />
        <mark key="]" line="16" column="38" />
        <mark key="^" line="16" column="18" />
        <mark key="." line="16" column="38" />
      </file>
      <file name="$USER_HOME$/Desktop/FE/interview/01demo.html" timestamp="1552530424601">
        <mark key="[" line="35" column="33" />
        <mark key="]" line="40" column="0" />
        <mark key="." line="40" column="0" />
        <mark key="^" line="35" column="32" />
      </file>
      <file name="$USER_HOME$/Desktop/slide-lz/index.html" timestamp="1550129015991">
        <mark key="[" line="62" column="75" />
        <mark key="]" line="63" column="6" />
        <mark key="." line="62" column="23" />
        <mark key="^" line="62" column="23" />
      </file>
      <file name="$USER_HOME$/Desktop/FE/vue/banner.html" timestamp="1550713717528">
        <mark key="[" line="100" column="19" />
        <mark key="]" line="100" column="19" />
        <mark key="^" line="99" column="1" />
        <mark key="." line="100" column="19" />
      </file>
      <file name="$USER_HOME$/Desktop/FE/JavaScript/OOP/object1-definedProperties.html" timestamp="1551921902136">
        <mark key="[" line="32" column="66" />
        <mark key="]" line="32" column="63" />
        <mark key="." line="32" column="63" />
        <mark key="^" line="32" column="63" />
      </file>
      <file name="$USER_HOME$/Desktop/FE/server/package.json" timestamp="1552269761189">
        <mark key="[" line="1" column="17" />
        <mark key="]" line="14" column="21" />
        <mark key="^" line="14" column="21" />
        <mark key="." line="14" column="21" />
      </file>
      <file name="$USER_HOME$/Desktop/FE/CSS/test-import/main.js" timestamp="1552352623654">
        <mark key="[" line="0" column="0" />
        <mark key="]" line="0" column="19" />
        <mark key="^" line="0" column="19" />
        <mark key="." line="0" column="19" />
      </file>
      <file name="$USER_HOME$/Desktop/FE/CSS/test-import/style.css" timestamp="1552352633378">
        <mark key="[" line="0" column="0" />
        <mark key="]" line="0" column="0" />
        <mark key="^" line="0" column="0" />
        <mark key="." line="0" column="0" />
      </file>
      <file name="$USER_HOME$/Desktop/FE/JavaScript/OOP/demo3-组合继承.html" timestamp="1552013343592">
        <mark key="[" line="34" column="0" />
        <mark key="]" line="34" column="0" />
        <mark key="^" line="33" column="0" />
        <mark key="." line="34" column="0" />
      </file>
      <file name="$USER_HOME$/Desktop/FE/JavaScript/OOP/object1-数据属性.html" timestamp="1551920909432">
        <mark key="[" line="25" column="15" />
        <mark key="]" line="21" column="16" />
        <mark key="." line="21" column="16" />
        <mark key="^" line="21" column="16" />
      </file>
      <file name="$USER_HOME$/Desktop/FE/vue/juejin小册子/01-prop-event-slot.html" timestamp="1550819366688">
        <mark key="[" line="12" column="45" />
        <mark key="]" line="12" column="45" />
        <mark key="." line="12" column="45" />
        <mark key="^" line="39" column="32" />
      </file>
      <file name="$USER_HOME$/Desktop/FE/JavaScript/OOP/demo3-继承.html" timestamp="1551930517219">
        <mark key="[" line="23" column="17" />
        <mark key="]" line="22" column="17" />
        <mark key="^" line="22" column="17" />
        <mark key="." line="22" column="17" />
      </file>
      <file name="$USER_HOME$/Desktop/FE/sass-learn/scss/foo.scss" timestamp="1552354978670">
        <mark key="[" line="22" column="6" />
        <mark key="]" line="22" column="6" />
        <mark key="^" line="22" column="5" />
        <mark key="." line="22" column="6" />
      </file>
      <file name="$USER_HOME$/Desktop/FE/CSS/transition&amp;transfrom/demo5-vue分页.html" timestamp="1552469457836">
        <mark key="[" line="13" column="0" />
        <mark key="]" line="13" column="0" />
        <mark key="." line="13" column="0" />
      </file>
      <file name="$USER_HOME$/Desktop/FE/CSS/transition&amp;transfrom/demo4-fullpage-2.html" timestamp="1552463559732">
        <mark key="'" line="140" column="8" />
        <mark key="[" line="154" column="5" />
        <mark key="]" line="154" column="5" />
        <mark key="." line="154" column="5" />
      </file>
      <file name="$USER_HOME$/Desktop/FE/mine轮子基础/01.html" timestamp="1551259738516">
        <mark key="[" line="25" column="17" />
        <mark key="]" line="25" column="24" />
        <mark key="^" line="25" column="24" />
        <mark key="." line="25" column="24" />
      </file>
      <file name="$USER_HOME$/Desktop/FE/CSS/test-import/index.html" timestamp="1552352614693">
        <mark key="[" line="5" column="72" />
        <mark key="]" line="12" column="0" />
        <mark key="^" line="10" column="23" />
        <mark key="." line="12" column="0" />
      </file>
      <file name="$USER_HOME$/Desktop/FE/CSS/transition&amp;transfrom/demo1.html" timestamp="1552382977047">
        <mark key="[" line="36" column="29" />
        <mark key="]" line="36" column="30" />
        <mark key="." line="36" column="30" />
        <mark key="^" line="33" column="30" />
      </file>
      <file name="$USER_HOME$/Desktop/FE/JavaScript/一个固定在显示区域上方碰撞.html" timestamp="1550542097507">
        <mark key="[" line="51" column="8" />
        <mark key="]" line="51" column="7" />
        <mark key="^" line="51" column="7" />
        <mark key="." line="51" column="7" />
      </file>
      <file name="$USER_HOME$/Desktop/FE/interview/02demo-suan.html" timestamp="1552543138477">
        <mark key="[" line="54" column="0" />
        <mark key="]" line="38" column="1" />
        <mark key="." line="38" column="1" />
        <mark key="^" line="38" column="1" />
      </file>
      <file name="$USER_HOME$/Desktop/FE/interview/02demo-ArrayUniq.html" timestamp="1552545678522">
        <mark key="[" line="39" column="0" />
        <mark key="]" line="39" column="0" />
        <mark key="." line="39" column="0" />
      </file>
      <file name="$USER_HOME$/Desktop/FE/JavaScript/OOP/object1-访问器属性.html" timestamp="1551921498749">
        <mark key="[" line="32" column="17" />
        <mark key="]" line="32" column="18" />
        <mark key="." line="32" column="18" />
        <mark key="^" line="31" column="20" />
      </file>
      <file name="$USER_HOME$/Desktop/slide-lz/posi-abso.html" timestamp="1550111012943">
        <mark key="[" line="18" column="12" />
        <mark key="]" line="18" column="12" />
        <mark key="^" line="18" column="12" />
        <mark key="." line="18" column="12" />
      </file>
      <file name="$USER_HOME$/Desktop/FE/CSS/transition&amp;transfrom/demo4-fullpage.html" timestamp="1552462154788">
        <mark key="[" line="27" column="4" />
        <mark key="]" line="28" column="3" />
        <mark key="." line="28" column="3" />
        <mark key="^" line="28" column="3" />
      </file>
      <file name="$USER_HOME$/Desktop/FE/vue/better-scroll-demo/src/Demo1.vue" timestamp="1551855079850">
        <mark key="[" line="76" column="6" />
        <mark key="]" line="76" column="6" />
        <mark key="." line="76" column="6" />
        <mark key="^" line="76" column="17" />
      </file>
      <file name="F:/liuzhe/github/myRepository/fanshu/src/components/HelloWorld.vue" timestamp="1548816888503">
        <mark key="[" line="22" column="14" />
        <mark key="]" line="3" column="55" />
        <mark key="^" line="3" column="55" />
        <mark key="." line="3" column="55" />
      </file>
      <file name="$USER_HOME$/Desktop/FE/CSS/transition&amp;transfrom/demo2.html" timestamp="1552464480716">
        <mark key="[" line="43" column="0" />
        <mark key="]" line="43" column="0" />
        <mark key="." line="43" column="0" />
      </file>
      <file name="$USER_HOME$/Desktop/FE/sass-learn/sass-sandal/core/_mixin.scss" timestamp="1552381155500">
        <mark key="[" line="520" column="19" />
        <mark key="]" line="520" column="19" />
        <mark key="." line="520" column="19" />
      </file>
      <file name="$USER_HOME$/Desktop/FE/CSS/transition&amp;transfrom/demo3.html" timestamp="1552460715275">
        <mark key="[" line="12" column="13" />
        <mark key="]" line="12" column="13" />
        <mark key="." line="12" column="13" />
        <mark key="^" line="18" column="15" />
      </file>
      <file name="$USER_HOME$/Desktop/FE/vue/vue-router/03-路由name-.html" timestamp="1550800605639">
        <mark key="[" line="11" column="20" />
        <mark key="]" line="11" column="20" />
        <mark key="^" line="10" column="28" />
        <mark key="." line="11" column="20" />
      </file>
      <file name="$USER_HOME$/Desktop/FE/CSS/nth-child伪类.html" timestamp="1550481262127">
        <mark key="[" line="12" column="25" />
        <mark key="]" line="12" column="22" />
        <mark key="." line="12" column="22" />
        <mark key="^" line="12" column="22" />
      </file>
      <file name="$USER_HOME$/Desktop/FE/CSS/position帧动画/style.css" timestamp="1551860568444">
        <mark key="[" line="0" column="6" />
        <mark key="]" line="3" column="12" />
        <mark key="." line="3" column="12" />
        <mark key="^" line="8" column="24" />
      </file>
      <file name="$USER_HOME$/Desktop/FE/vue/vuex/01-demo.html" timestamp="1552284690163">
        <mark key="[" line="19" column="5" />
        <mark key="]" line="22" column="20" />
        <mark key="^" line="22" column="20" />
        <mark key="." line="22" column="20" />
      </file>
      <file name="$USER_HOME$/Desktop/FE/vue/juejin小册子/01b-组件基础model.html" timestamp="1550825408347">
        <mark key="[" line="26" column="8" />
        <mark key="]" line="27" column="11" />
        <mark key="." line="27" column="11" />
        <mark key="^" line="27" column="11" />
      </file>
      <file name="$USER_HOME$/Desktop/FE/CSS/make-peiqi/index.html" timestamp="1551757228284">
        <mark key="[" line="4" column="22" />
        <mark key="]" line="29" column="7" />
        <mark key="." line="29" column="7" />
        <mark key="^" line="29" column="7" />
      </file>
      <file name="$USER_HOME$/Desktop/FE/JavaScript/OOP/demo2-原型模式-更简便的写法.html" timestamp="1551926174621">
        <mark key="[" line="14" column="17" />
        <mark key="]" line="14" column="18" />
        <mark key="^" line="14" column="12" />
        <mark key="." line="14" column="18" />
      </file>
      <file name="$USER_HOME$/Desktop/FE/CSS/transition&amp;transfrom/demo0-fullPage.html" timestamp="1552464247802">
        <mark key="[" line="26" column="4" />
        <mark key="]" line="27" column="0" />
        <mark key="^" line="25" column="27" />
        <mark key="." line="27" column="0" />
      </file>
      <file name="$USER_HOME$/Desktop/FE/vue/juejin小册子/01c-组件基础slot.html" timestamp="1550827368004">
        <mark key="[" line="7" column="14" />
        <mark key="]" line="27" column="42" />
        <mark key="." line="27" column="42" />
        <mark key="^" line="27" column="42" />
      </file>
      <file name="$USER_HOME$/Desktop/FE/vue/vue-router/01.html" timestamp="1550798800125">
        <mark key="[" line="45" column="24" />
        <mark key="]" line="45" column="24" />
        <mark key="^" line="44" column="37" />
        <mark key="." line="45" column="24" />
      </file>
      <file name="$USER_HOME$/Desktop/FE/CSS/drawing-a-peppa/index.html" timestamp="1551778645875">
        <mark key="[" line="11" column="3" />
        <mark key="]" line="11" column="4" />
        <mark key="." line="11" column="3" />
        <mark key="^" line="38" column="45" />
      </file>
      <file name="$USER_HOME$/Desktop/FE/sass-learn/package.json" timestamp="1552354872625">
        <mark key="[" line="7" column="50" />
        <mark key="]" line="7" column="23" />
        <mark key="." line="7" column="23" />
        <mark key="^" line="7" column="56" />
      </file>
      <file name="F:/liuzhe/task-jade/aiminn.top/index.html" timestamp="1548222148746">
        <mark key="[" line="16" column="6" />
        <mark key="]" line="10" column="8" />
        <mark key="." line="10" column="8" />
        <mark key="^" line="10" column="8" />
      </file>
      <file name="$USER_HOME$/Desktop/FE/vue/vue-router/02-vue-router.html" timestamp="1550800415915">
        <mark key="[" line="28" column="9" />
        <mark key="]" line="28" column="9" />
        <mark key="." line="28" column="9" />
        <mark key="^" line="23" column="18" />
      </file>
      <file name="$USER_HOME$/Desktop/FE/JavaScript/OOP/object1.html" timestamp="1551919813314">
        <mark key="[" line="23" column="26" />
        <mark key="]" line="23" column="24" />
        <mark key="^" line="23" column="24" />
        <mark key="." line="23" column="24" />
      </file>
      <file name="$USER_HOME$/Desktop/FE/JavaScript/OOP/demo2-工厂模式.html" timestamp="1551922242952">
        <mark key="[" line="27" column="15" />
        <mark key="]" line="11" column="17" />
        <mark key="^" line="11" column="17" />
        <mark key="." line="11" column="17" />
      </file>
      <file name="F:/liuzhe/oy工作/OYCompany/test.html" timestamp="1548038472109">
        <mark key="[" line="12" column="27" />
        <mark key="]" line="15" column="17" />
        <mark key="." line="15" column="17" />
        <mark key="^" line="15" column="15" />
      </file>
    </filemarks>
    <jumps>
      <jump line="0" column="0" filename="F:/liuzhe/oy工作/OYCompany/src/css/style.css" />
      <jump line="305" column="0" filename="F:/liuzhe/oy工作/OYCompany/src/css/style.css" />
      <jump line="28" column="22" filename="F:/liuzhe/oy工作/OYCompany/src/css/style.css" />
      <jump line="25" column="0" filename="F:/liuzhe/oy工作/OYCompany/src/css/style.css" />
      <jump line="29" column="24" filename="F:/liuzhe/oy工作/OYCompany/src/css/style.css" />
      <jump line="327" column="26" filename="F:/liuzhe/oy工作/OYCompany/src/css/style.css" />
      <jump line="31" column="12" filename="F:/liuzhe/oy工作/OYCompany/src/css/style.css" />
      <jump line="112" column="0" filename="F:/liuzhe/oy工作/OYCompany/src/js/main.js" />
      <jump line="168" column="0" filename="F:/liuzhe/oy工作/OYCompany/src/js/main.js" />
      <jump line="19" column="4" filename="F:/liuzhe/oy工作/OYCompany/src/js/main.js" />
      <jump line="76" column="14" filename="F:/liuzhe/oy工作/OYCompany/src/js/main.js" />
      <jump line="400" column="20" filename="F:/liuzhe/oy工作/OYCompany/src/css/style.css" />
      <jump line="392" column="2" filename="F:/liuzhe/oy工作/OYCompany/src/css/style.css" />
      <jump line="425" column="0" filename="F:/liuzhe/oy工作/OYCompany/src/css/style.css" />
      <jump line="168" column="20" filename="F:/liuzhe/oy工作/OYCompany/src/css/style.css" />
      <jump line="54" column="13" filename="F:/liuzhe/oy工作/OYCompany/src/js/main.js" />
      <jump line="56" column="24" filename="F:/liuzhe/oy工作/OYCompany/src/js/main.js" />
      <jump line="64" column="8" filename="F:/liuzhe/oy工作/OYCompany/src/js/main.js" />
      <jump line="65" column="8" filename="F:/liuzhe/oy工作/OYCompany/src/js/main.js" />
      <jump line="66" column="8" filename="F:/liuzhe/oy工作/OYCompany/src/js/main.js" />
      <jump line="143" column="17" filename="F:/liuzhe/oy工作/OYCompany/src/js/main.js" />
      <jump line="150" column="19" filename="F:/liuzhe/oy工作/OYCompany/src/js/main.js" />
      <jump line="152" column="8" filename="F:/liuzhe/oy工作/OYCompany/src/js/main.js" />
      <jump line="153" column="8" filename="F:/liuzhe/oy工作/OYCompany/src/js/main.js" />
      <jump line="155" column="8" filename="F:/liuzhe/oy工作/OYCompany/src/js/main.js" />
      <jump line="157" column="8" filename="F:/liuzhe/oy工作/OYCompany/src/js/main.js" />
      <jump line="158" column="8" filename="F:/liuzhe/oy工作/OYCompany/src/js/main.js" />
      <jump line="160" column="8" filename="F:/liuzhe/oy工作/OYCompany/src/js/main.js" />
      <jump line="161" column="8" filename="F:/liuzhe/oy工作/OYCompany/src/js/main.js" />
      <jump line="163" column="8" filename="F:/liuzhe/oy工作/OYCompany/src/js/main.js" />
      <jump line="165" column="8" filename="F:/liuzhe/oy工作/OYCompany/src/js/main.js" />
      <jump line="166" column="8" filename="F:/liuzhe/oy工作/OYCompany/src/js/main.js" />
      <jump line="173" column="13" filename="F:/liuzhe/oy工作/OYCompany/src/js/main.js" />
      <jump line="2" column="6" filename="F:/liuzhe/oy工作/OYCompany/src/js/main.js" />
      <jump line="6" column="6" filename="F:/liuzhe/oy工作/OYCompany/src/js/main.js" />
      <jump line="32" column="4" filename="F:/liuzhe/oy工作/OYCompany/src/js/main.js" />
      <jump line="36" column="10" filename="F:/liuzhe/oy工作/OYCompany/src/js/main.js" />
      <jump line="37" column="16" filename="F:/liuzhe/oy工作/OYCompany/src/js/main.js" />
      <jump line="38" column="9" filename="F:/liuzhe/oy工作/OYCompany/src/js/main.js" />
      <jump line="13" column="13" filename="F:/liuzhe/oy工作/OYCompany/index.html" />
      <jump line="17" column="66" filename="F:/liuzhe/oy工作/OYCompany/index.html" />
      <jump line="20" column="93" filename="F:/liuzhe/oy工作/OYCompany/index.html" />
      <jump line="24" column="66" filename="F:/liuzhe/oy工作/OYCompany/index.html" />
      <jump line="26" column="99" filename="F:/liuzhe/oy工作/OYCompany/index.html" />
      <jump line="26" column="44" filename="F:/liuzhe/vue/index.html" />
      <jump line="0" column="0" filename="F:/liuzhe/vue/index.html" />
      <jump line="28" column="13" filename="$USER_HOME$/Desktop/FE/vue/03-过渡move.html" />
      <jump line="73" column="0" filename="$USER_HOME$/Desktop/FE/vue/03-过渡move.html" />
      <jump line="0" column="0" filename="$USER_HOME$/Desktop/FE/vue/03-过渡move.html" />
      <jump line="13" column="0" filename="$USER_HOME$/Desktop/FE/vue/03-过渡move.html" />
      <jump line="41" column="20" filename="$USER_HOME$/Desktop/FE/vue/03-过渡move.html" />
      <jump line="43" column="20" filename="$USER_HOME$/Desktop/FE/vue/03-过渡move.html" />
      <jump line="42" column="13" filename="$USER_HOME$/Desktop/FE/vue/03-过渡move.html" />
      <jump line="25" column="2" filename="$USER_HOME$/Desktop/FE/vim练习文件/01.html" />
      <jump line="3" column="12" filename="$USER_HOME$/Desktop/FE/vim练习文件/01.html" />
      <jump line="5" column="6" filename="$USER_HOME$/Desktop/FE/vim练习文件/01.html" />
      <jump line="15" column="6" filename="$USER_HOME$/Desktop/FE/vim练习文件/01.html" />
      <jump line="16" column="6" filename="$USER_HOME$/Desktop/FE/vim练习文件/01.html" />
      <jump line="18" column="6" filename="$USER_HOME$/Desktop/FE/vim练习文件/01.html" />
      <jump line="19" column="6" filename="$USER_HOME$/Desktop/FE/vim练习文件/01.html" />
      <jump line="124" column="0" filename="$USER_HOME$/Desktop/FE/vim练习文件/01.html" />
      <jump line="21" column="0" filename="$USER_HOME$/Desktop/FE/vim练习文件/01.html" />
      <jump line="22" column="3" filename="$USER_HOME$/Desktop/FE/vim练习文件/01.html" />
      <jump line="14" column="8" filename="$USER_HOME$/Desktop/FE/vim练习文件/01.html" />
      <jump line="12" column="9" filename="$USER_HOME$/Desktop/FE/vim练习文件/01.html" />
      <jump line="13" column="9" filename="$USER_HOME$/Desktop/FE/vim练习文件/01.html" />
      <jump line="8" column="9" filename="$USER_HOME$/Desktop/FE/vim练习文件/01.html" />
      <jump line="9" column="9" filename="$USER_HOME$/Desktop/FE/vim练习文件/01.html" />
      <jump line="10" column="9" filename="$USER_HOME$/Desktop/FE/vim练习文件/01.html" />
      <jump line="11" column="9" filename="$USER_HOME$/Desktop/FE/vim练习文件/01.html" />
      <jump line="17" column="0" filename="$USER_HOME$/Desktop/FE/vim练习文件/01.html" />
      <jump line="7" column="7" filename="$USER_HOME$/Desktop/FE/vim练习文件/01.html" />
      <jump line="1" column="3" filename="$USER_HOME$/Desktop/FE/vim练习文件/01.html" />
      <jump line="1" column="0" filename="$USER_HOME$/Desktop/FE/vue/vue-router/05-路由嵌套.html" />
      <jump line="17" column="0" filename="$USER_HOME$/Desktop/FE/vue/vue-router/05-路由嵌套.html" />
      <jump line="17" column="31" filename="$USER_HOME$/Desktop/FE/vue/juejin小册子/01b-组件基础model2.html" />
      <jump line="8" column="2" filename="$USER_HOME$/Desktop/FE/CSS/drawing-a-peppa/style.css" />
      <jump line="1" column="0" filename="$USER_HOME$/Desktop/FE/CSS/drawing-a-peppa/style.css" />
      <jump line="82" column="4" filename="$USER_HOME$/Desktop/FE/CSS/drawing-a-peppa/style.css" />
      <jump line="14" column="18" filename="$USER_HOME$/Desktop/FE/vue/better-scroll-demo/src/App.vue" />
      <jump line="21" column="3" filename="$USER_HOME$/Desktop/FE/vue/better-scroll-demo/src/App.vue" />
      <jump line="7" column="7" filename="$USER_HOME$/Desktop/FE/vue/better-scroll-demo/src/App.vue" />
      <jump line="0" column="9" filename="$USER_HOME$/Desktop/FE/vue/better-scroll-demo/src/App.vue" />
      <jump line="17" column="1" filename="$USER_HOME$/Desktop/FE/CSS/position帧动画/src/animation.js" />
      <jump line="30" column="4" filename="$USER_HOME$/Desktop/FE/CSS/position帧动画/src/imageloader.js" />
      <jump line="38" column="0" filename="$USER_HOME$/Desktop/FE/CSS/position帧动画/src/imageloader.js" />
      <jump line="0" column="0" filename="$USER_HOME$/Desktop/FE/CSS/position帧动画/src/imageloader.js" />
      <jump line="32" column="0" filename="$USER_HOME$/Desktop/FE/CSS/position帧动画/src/imageloader.js" />
      <jump line="39" column="0" filename="$USER_HOME$/Desktop/FE/CSS/position帧动画/src/imageloader.js" />
      <jump line="21" column="2" filename="$USER_HOME$/Desktop/FE/JavaScript/OOP/demo2-构造函数.html" />
      <jump line="27" column="4" filename="$USER_HOME$/Desktop/FE/JavaScript/OOP/demo2-构造函数.html" />
      <jump line="1" column="0" filename="$USER_HOME$/Desktop/FE/server/index.html" />
      <jump line="20" column="0" filename="$USER_HOME$/Desktop/FE/sass-learn/foobar.scss" />
      <jump line="100" column="2" filename="$USER_HOME$/Desktop/FE/CSS/transition&amp;transfrom/demo4-fullpage-2.html" />
      <jump line="140" column="8" filename="$USER_HOME$/Desktop/FE/CSS/transition&amp;transfrom/demo4-fullpage-2.html" />
      <jump line="4" column="6" filename="$USER_HOME$/Desktop/FE/CSS/transition&amp;transfrom/demo5-分页.html" />
      <jump line="9" column="0" filename="$USER_HOME$/Desktop/FE/CSS/transition&amp;transfrom/demo5-分页.html" />
      <jump line="12" column="0" filename="$USER_HOME$/Desktop/FE/CSS/transition&amp;transfrom/demo5-分页.html" />
      <jump line="10" column="17" filename="$USER_HOME$/Desktop/FE/CSS/transition&amp;transfrom/demo5-vue分页.html" />
      <jump line="56" column="17" filename="$USER_HOME$/Desktop/FE/CSS/transition&amp;transfrom/demo5-vue分页.html" />
    </jumps>
    <registers>
      <register name="a" type="4">
        <text>hello</text>
      </register>
      <register name="&quot;" type="2">
        <text encoding="base64">ICBjb25zb2xlLmxvZyhkaikK</text>
      </register>
      <register name="-" type="4">
        <text>'</text>
      </register>
      <register name="n" type="2">
        <text encoding="base64">ICAgPHA+aGVsbG8gd29ybGQ8L3A+Cg==</text>
      </register>
      <register name="/" type="4">
        <text>console</text>
      </register>
      <register name="0" type="2">
        <text encoding="base64">ICBjb25zb2xlLmxvZyhhcnIyKTsK</text>
      </register>
      <register name="1" type="2">
        <text encoding="base64">ICBjb25zb2xlLmxvZyhkaikK</text>
      </register>
      <register name="2" type="2">
        <text encoding="base64">ICBjb25zb2xlLmxvZygpCg==</text>
      </register>
      <register name="3" type="2">
        <text encoding="base64">ICB6b29tT25Nb3VzZVdoZWVsCg==</text>
      </register>
      <register name="s" type="2">
        <text encoding="base64">PGJvZHk+Cg==</text>
      </register>
      <register name="4" type="2">
        <text encoding="base64">ICBjb25zbwo=</text>
      </register>
      <register name="5" type="2">
        <text encoding="base64">ICBjb25zb2xlLmxvZyh1bmlxMihhcnIpKQo=</text>
      </register>
      <register name="6" type="2">
        <text encoding="base64">Cg==</text>
      </register>
      <register name="7" type="2">
        <text encoding="base64">Cg==</text>
      </register>
      <register name="8" type="2">
        <text encoding="base64">PHVsPgogIDxsaT45PC9saT4KICA8bGk+MTA8L2xpPgo8L3VsPgo=</text>
      </register>
      <register name="9" type="2">
        <text encoding="base64">ICA8bGk+MTwvbGk+CiAgPGxpPjI8L2xpPgogIDxsaT4zPC9saT4KICA8bGk+NDwvbGk+CiAgPGxpPjU8L2xpPgogIDxsaT42PC9saT4KICA8bGk+NzwvbGk+CiAgPGxpPjg8L2xpPgo=</text>
      </register>
      <register name=":" type="4">
        <text>sp</text>
      </register>
    </registers>
    <search>
      <last-search>console</last-search>
      <last-offset />
      <last-pattern>console</last-pattern>
      <last-replace>N</last-replace>
      <last-substitute>new</last-substitute>
      <last-dir>1</last-dir>
      <show-last>false</show-last>
    </search>
    <history>
      <history-search>
        <entry encoding="base64">XDxzaG93XD4=</entry>
        <entry encoding="base64">XDxpbnB1dFw+</entry>
        <entry encoding="base64">XDx0aGlzXD4=</entry>
        <entry encoding="base64">XDxpc1w+</entry>
        <entry encoding="base64">XDxhXD4=</entry>
        <entry encoding="base64">XDxwZGRcPg==</entry>
        <entry>pdd</entry>
        <entry encoding="base64">XDxoZWxsb1w+</entry>
        <entry>reg</entry>
        <entry encoding="base64">XDx3b3JkXD4=</entry>
        <entry>span</entry>
        <entry>/word/hello</entry>
        <entry>/word/hello/g</entry>
        <entry>word</entry>
        <entry>hello</entry>
        <entry>ival</entry>
        <entry>#content</entry>
        <entry>CreatePerson</entry>
        <entry>new</entry>
        <entry>console</entry>
      </history-search>
      <history-cmd>
        <entry>1</entry>
        <entry>20</entry>
        <entry>d</entry>
        <entry>y n</entry>
        <entry>y a</entry>
        <entry encoding="base64">JzwsJz55IGE=</entry>
        <entry>reg</entry>
        <entry>help &quot;</entry>
        <entry>%s/span/SPAN/g</entry>
        <entry>s%/word/hello</entry>
        <entry>s%/word/hello/g</entry>
        <entry>%s/word/hello/g</entry>
        <entry>%s/hello/word/g</entry>
        <entry>s/CreatePerson/Person/g</entry>
        <entry>%s/CreatePerson/Person/g</entry>
        <entry>%s/new/N</entry>
        <entry>w</entry>
        <entry>vp</entry>
        <entry>svp</entry>
        <entry>sp</entry>
      </history-cmd>
      <history-expr />
      <history-input />
    </history>
    <shortcut-conflicts>
      <shortcut-conflict owner="ide">
        <text>ctrl pressed D</text>
      </shortcut-conflict>
      <shortcut-conflict owner="ide">
        <text>ctrl pressed U</text>
      </shortcut-conflict>
      <shortcut-conflict owner="vim">
        <text>ctrl pressed S</text>
      </shortcut-conflict>
      <shortcut-conflict owner="vim">
        <text>ctrl pressed P</text>
      </shortcut-conflict>
      <shortcut-conflict owner="vim">
        <text>ctrl pressed N</text>
      </shortcut-conflict>
      <shortcut-conflict owner="vim">
        <text>ctrl pressed Y</text>
      </shortcut-conflict>
      <shortcut-conflict owner="vim">
        <text>ctrl pressed V</text>
      </shortcut-conflict>
      <shortcut-conflict owner="vim">
        <text>ctrl pressed F</text>
      </shortcut-conflict>
      <shortcut-conflict owner="vim">
        <text>ctrl pressed E</text>
      </shortcut-conflict>
      <shortcut-conflict owner="vim">
        <text>ctrl pressed BACK_SLASH</text>
      </shortcut-conflict>
      <shortcut-conflict owner="vim">
        <text>ctrl pressed W</text>
      </shortcut-conflict>
      <shortcut-conflict owner="vim">
        <text>ctrl pressed B</text>
      </shortcut-conflict>
      <shortcut-conflict owner="vim">
        <text>ctrl pressed H</text>
      </shortcut-conflict>
      <shortcut-conflict owner="vim">
        <text>ctrl pressed M</text>
      </shortcut-conflict>
      <shortcut-conflict owner="ide">
        <text>ctrl pressed C</text>
      </shortcut-conflict>
      <shortcut-conflict owner="vim">
        <text>ctrl pressed R</text>
      </shortcut-conflict>
      <shortcut-conflict owner="vim">
        <text>ctrl pressed G</text>
      </shortcut-conflict>
      <shortcut-conflict owner="vim">
        <text>ctrl pressed OPEN_BRACKET</text>
      </shortcut-conflict>
      <shortcut-conflict owner="vim">
        <text>ctrl pressed X</text>
      </shortcut-conflict>
      <shortcut-conflict owner="vim">
        <text>ctrl pressed A</text>
      </shortcut-conflict>
      <shortcut-conflict owner="vim">
        <text>ctrl pressed CLOSE_BRACKET</text>
      </shortcut-conflict>
      <shortcut-conflict owner="vim">
        <text>ctrl pressed Q</text>
      </shortcut-conflict>
      <shortcut-conflict owner="vim">
        <text>ctrl pressed I</text>
      </shortcut-conflict>
    </shortcut-conflicts>
  </component>
</application>